D/Generation HD,Adventure||Puzzle
G Prime Into The Rain,Simulation||Indie
Land Sliders,Adventure||Arcade
Pixel Gear,Action||Indie
Gods and Idols,RPG||Strategy||Massively Multiplayer
Plague venue,
The Moon Sliver (itch),Adventure
Red Entity,Action||Shooter
HippiesVsCops,Strategy
They Came Through the Floor,Platformer
Fading Light: Descent,Adventure
The Book Ritual (Beta),
Corner of the Club Simulator,Simulation
Serious Sam Fusion 2017 (beta),Action||Indie
Intelligence: The 314th Clash!,RPG
Que Sera Sera Demo,Action||Shooter||Platformer
Excelsior Phase One: Lysandia,RPG
Space Escape,Shooter
Passing Through the Milky Way,
CORPUS100,Shooter
Thoughts,Platformer
Blasted Bots,Shooter
The Spaghetti Western Excavation,
Life is Feudal: Forest Village,Strategy||Simulation||Indie
Legionwood 2: Rise of the Eternal's Realm,RPG
Shape Master,
My World,
Toilet Tycoon (itch),Strategy||Simulation
"Daddy, Don't Explode Me!",Puzzle
The Spellbent Keep,RPG
Circuit Breakers - Demo,Shooter
Toadie's Adventure,Adventure||Platformer
A Near Dawn: Text Prototype,Adventure
Naval Action,Action||Adventure||Strategy||Simulation||Massively Multiplayer||Indie
Purify,Action
Dog World,RPG
Corra Snows,Platformer
Graveyard Birds (itch),Puzzle
Dark Rogue,Adventure
Bullet Time,Shooter||Platformer
La Bo√Æte Noire,
p o w e r ARM,RPG
Oh No! Not Another J-RPG!,RPG
Mages of Mystralia,Action||Adventure||Indie
Emissary,
Zeus vs Monsters - Math Game,Educational
herboto - LD37,Shooter
Fish Forever,
What Do We Eat for Dinner?,Simulation
Knight of Days,Action